{
  "generated_at": "2026-03-20T19:54:57.652544",
  "model": "XGBoost (n_features=8, n_classes=7)",
  "dataset": "/Users/jamie/Documents/University/ImpactTracker/ml/eco_dataset.csv",
  "classes": [
    "A",
    "A+",
    "B",
    "C",
    "D",
    "E",
    "F"
  ],
  "grade_order": [
    "A+",
    "A",
    "B",
    "C",
    "D",
    "E",
    "F"
  ],
  "cross_validation": {
    "folds": 5,
    "xgboost": {
      "accuracy_mean": 0.7737,
      "accuracy_std": 0.0147,
      "f1_macro_mean": 0.6307,
      "f1_macro_std": 0.0299,
      "log_loss_mean": 0.6154,
      "brier_mean": 0.0384,
      "per_fold_acc": [
        0.7553,
        0.7883,
        0.7915,
        0.7593,
        0.7742
      ]
    },
    "random_forest": {
      "accuracy_mean": 0.7727,
      "accuracy_std": 0.0083,
      "per_fold_acc": [
        0.7649,
        0.784,
        0.7766,
        0.7614,
        0.7764
      ]
    },
    "paired_t_test": {
      "t_statistic": 0.2597,
      "p_value": 0.80791,
      "significant_at_0_05": false
    }
  },
  "roc_curves": {
    "A": {
      "fpr": [
        0.0,
        0.0029,
        0.0072,
        0.018,
        0.0223,
        0.032,
        0.0414,
        0.0468,
        0.055,
        0.0626,
        0.0734,
        0.0901,
        0.0953,
        0.1054,
        0.1146,
        0.1243,
        0.1347,
        0.1464,
        0.1583,
        0.1696,
        0.1804,
        0.1896,
        0.2,
        0.2162,
        0.2284,
        0.2536,
        0.2797,
        0.3405,
        0.3885,
        0.4151,
        0.4482,
        0.4707,
        0.5171,
        0.5432,
        0.5833,
        0.6045,
        0.6311,
        0.6493,
        0.6741,
        0.7009,
        0.7245,
        0.7455,
        0.761,
        0.7908,
        0.8146,
        0.8394,
        0.8669,
        0.8876,
        0.9036,
        0.9273,
        0.9432,
        0.9637,
        0.9878
      ],
      "tpr": [
        0.0,
        0.0659,
        0.0969,
        0.1589,
        0.2054,
        0.2403,
        0.2868,
        0.3295,
        0.3605,
        0.4031,
        0.438,
        0.469,
        0.531,
        0.562,
        0.5891,
        0.6202,
        0.655,
        0.6822,
        0.7248,
        0.7713,
        0.8101,
        0.845,
        0.8837,
        0.9186,
        0.9535,
        0.9767,
        0.9922,
        1.0,
        1.0,
        1.0,
        1.0,
        1.0,
        1.0,
        1.0,
        1.0,
        1.0,
        1.0,
        1.0,
        1.0,
        1.0,
        1.0,
        1.0,
        1.0,
        1.0,
        1.0,
        1.0,
        1.0,
        1.0,
        1.0,
        1.0,
        1.0,
        1.0,
        1.0
      ],
      "auc": 0.8991
    },
    "A+": {
      "fpr": [
        0.0,
        0.0133,
        0.0419,
        0.1471,
        0.2079,
        0.2479,
        0.2983,
        0.3275,
        0.3608,
        0.3881,
        0.413,
        0.4446,
        0.4592,
        0.4714,
        0.483,
        0.4974,
        0.5185,
        0.546,
        0.5599,
        0.5724,
        0.5909,
        0.5997,
        0.6098,
        0.6295,
        0.6385,
        0.6493,
        0.6673,
        0.6811,
        0.6954,
        0.7101,
        0.7186,
        0.7363,
        0.7502,
        0.7642,
        0.779,
        0.7872,
        0.8037,
        0.8177,
        0.8316,
        0.8434,
        0.8602,
        0.881,
        0.8855,
        0.8982,
        0.9096,
        0.9231,
        0.9439,
        0.9555,
        0.9652,
        0.9712,
        0.9901,
        0.9991
      ],
      "tpr": [
        0.0,
        0.9524,
        0.9762,
        1.0,
        1.0,
        1.0,
        1.0,
        1.0,
        1.0,
        1.0,
        1.0,
        1.0,
        1.0,
        1.0,
        1.0,
        1.0,
        1.0,
        1.0,
        1.0,
        1.0,
        1.0,
        1.0,
        1.0,
        1.0,
        1.0,
        1.0,
        1.0,
        1.0,
        1.0,
        1.0,
        1.0,
        1.0,
        1.0,
        1.0,
        1.0,
        1.0,
        1.0,
        1.0,
        1.0,
        1.0,
        1.0,
        1.0,
        1.0,
        1.0,
        1.0,
        1.0,
        1.0,
        1.0,
        1.0,
        1.0,
        1.0,
        1.0
      ],
      "auc": 0.9975
    },
    "B": {
      "fpr": [
        0.0,
        0.0023,
        0.0087,
        0.0126,
        0.0206,
        0.0316,
        0.0396,
        0.0502,
        0.0568,
        0.0635,
        0.0713,
        0.0834,
        0.094,
        0.0988,
        0.1075,
        0.1178,
        0.1263,
        0.1473,
        0.1551,
        0.1689,
        0.1822,
        0.195,
        0.203,
        0.2184,
        0.2314,
        0.2502,
        0.2617,
        0.2786,
        0.294,
        0.3366,
        0.3843,
        0.4432,
        0.4711,
        0.5005,
        0.5346,
        0.5813,
        0.6198,
        0.6469,
        0.6652,
        0.6957,
        0.7214,
        0.761,
        0.794,
        0.8162,
        0.8375,
        0.8499,
        0.8744,
        0.8999,
        0.9214,
        0.9397,
        0.973,
        0.9977
      ],
      "tpr": [
        0.0,
        0.2904,
        0.3234,
        0.3473,
        0.3832,
        0.4192,
        0.4371,
        0.4701,
        0.497,
        0.518,
        0.5509,
        0.5778,
        0.6108,
        0.6437,
        0.6707,
        0.6976,
        0.7335,
        0.7665,
        0.7964,
        0.8234,
        0.8533,
        0.8892,
        0.9132,
        0.9461,
        0.9701,
        0.985,
        0.994,
        0.997,
        0.997,
        1.0,
        1.0,
        1.0,
        1.0,
        1.0,
        1.0,
        1.0,
        1.0,
        1.0,
        1.0,
        1.0,
        1.0,
        1.0,
        1.0,
        1.0,
        1.0,
        1.0,
        1.0,
        1.0,
        1.0,
        1.0,
        1.0,
        1.0
      ],
      "auc": 0.9223
    },
    "C": {
      "fpr": [
        0.0,
        0.0,
        0.0,
        0.0,
        0.0,
        0.0022,
        0.0075,
        0.0135,
        0.0237,
        0.0404,
        0.0473,
        0.0623,
        0.0703,
        0.0815,
        0.0952,
        0.1081,
        0.1176,
        0.1288,
        0.1388,
        0.1535,
        0.1645,
        0.1732,
        0.1924,
        0.2043,
        0.2138,
        0.2223,
        0.2315,
        0.2442,
        0.2517,
        0.2671,
        0.308,
        0.3294,
        0.3586,
        0.3783,
        0.4149,
        0.4411,
        0.4934,
        0.5303,
        0.5629,
        0.5943,
        0.6257,
        0.6554,
        0.685,
        0.7349,
        0.763,
        0.7872,
        0.8306,
        0.856,
        0.8824,
        0.9188,
        0.9554,
        0.9803
      ],
      "tpr": [
        0.0,
        0.1051,
        0.4102,
        0.5226,
        0.5942,
        0.6686,
        0.6861,
        0.7066,
        0.7168,
        0.7285,
        0.7431,
        0.7577,
        0.7708,
        0.7854,
        0.8,
        0.8102,
        0.8219,
        0.8336,
        0.8467,
        0.8599,
        0.873,
        0.8861,
        0.9007,
        0.9095,
        0.9197,
        0.9299,
        0.9431,
        0.9547,
        0.9752,
        0.9883,
        0.9927,
        0.9985,
        1.0,
        1.0,
        1.0,
        1.0,
        1.0,
        1.0,
        1.0,
        1.0,
        1.0,
        1.0,
        1.0,
        1.0,
        1.0,
        1.0,
        1.0,
        1.0,
        1.0,
        1.0,
        1.0,
        1.0
      ],
      "auc": 0.9562
    },